,hoge_TIMESTAMP,hoge,fuga_TIMESTAMP,fuga
0,2022-10-24 21:16:09.379932,XJANwpiakM,2022-10-24 21:16:09.380154,XeCqdf6jAz
1,2022-10-24 21:16:09.380932,vNP9tAPU5S,2022-10-24 21:16:09.382154,U2unqeNpLL
2,2022-10-24 21:16:09.381932,1PHJAV4DMu,2022-10-24 21:16:09.384154,kzg2WNbPUG
3,2022-10-24 21:16:09.382932,SUAusXwHWv,2022-10-24 21:16:09.386154,mQ3TSRXAZB
4,2022-10-24 21:16:09.383932,KuwyDPhP2W,2022-10-24 21:16:09.388154,SPB4DwHZ17
5,2022-10-24 21:16:09.384932,NPUQ3UOcat,2022-10-24 21:16:09.390154,sQQxGhdsx8
6,2022-10-24 21:16:09.385932,BEBZ2NN2ua,2022-10-24 21:16:09.392154,T7842H7AXL
7,2022-10-24 21:16:09.386932,aQVNI1QH9D,2022-10-24 21:16:09.394154,30JwRdHZsi
8,2022-10-24 21:16:09.387932,hlvXSuRUtf,2022-10-24 21:16:09.396154,0T2SJnAMt0
9,2022-10-24 21:16:09.388932,iTetFyGaQc,2022-10-24 21:16:09.398154,KFFTfESKhJ
10,2022-10-24 21:16:09.389932,b5pLCiT71c,2022-10-24 21:16:09.400154,3vxcAzmBRj
11,2022-10-24 21:16:09.390932,eTd8x584jc,2022-10-24 21:16:09.402154,MKGSv6p8VJ
12,2022-10-24 21:16:09.391932,8JoyZUx6yB,2022-10-24 21:16:09.404154,LWANy4IrTH
13,2022-10-24 21:16:09.392932,uWIopE0wDI,2022-10-24 21:16:09.406154,WVx3qtEkI6
14,2022-10-24 21:16:09.393932,5nBL67I6YI,2022-10-24 21:16:09.408154,C9RzZBLpWT
15,2022-10-24 21:16:09.394932,4GjJpRiyEY,2022-10-24 21:16:09.410154,ilwo3skQZo
16,2022-10-24 21:16:09.395932,BX1GJqJ73i,2022-10-24 21:16:09.412154,Gd1jzURqPs
17,2022-10-24 21:16:09.396932,mVTMsfSm4g,2022-10-24 21:16:09.414154,OGS9YxFDFa
18,2022-10-24 21:16:09.397932,JuriXnS0D2,2022-10-24 21:16:09.416154,YdZGoAu4zC
19,2022-10-24 21:16:09.398932,jasEpzVZp0,2022-10-24 21:16:09.418154,VjOwBYIA7o
20,2022-10-24 21:16:09.399932,hwf5kIqHIG,2022-10-24 21:16:09.420154,LyuZ0TMolo
21,2022-10-24 21:16:09.400932,xkt4aMy8i8,2022-10-24 21:16:09.422154,h4UAo54HJh
22,2022-10-24 21:16:09.401932,Au5eDa6wrP,2022-10-24 21:16:09.424154,BwVL2qmRsZ
23,2022-10-24 21:16:09.402932,BexA8AMmB6,2022-10-24 21:16:09.426154,tcl0vfO4F7
24,2022-10-24 21:16:09.403932,E7YLn8vMAv,2022-10-24 21:16:09.428154,itIE1AGHmx
25,2022-10-24 21:16:09.404932,meQifF8mR5,2022-10-24 21:16:09.430154,pZ6MUR0Wg7
26,2022-10-24 21:16:09.405932,1AR5vLK9wX,2022-10-24 21:16:09.432154,vcLLNrCDNm
27,2022-10-24 21:16:09.406932,fxA8yqqCNH,2022-10-24 21:16:09.434154,7MH6PzbHgc
28,2022-10-24 21:16:09.407932,wOQHH2R4aL,2022-10-24 21:16:09.436154,ZCGmcXjsr9
29,2022-10-24 21:16:09.408932,o3ZznnS6f7,2022-10-24 21:16:09.438154,QgnU4tl1LS
30,2022-10-24 21:16:09.409932,9IdzDv96aL,2022-10-24 21:16:09.440154,uvf0oNCYQ6
31,2022-10-24 21:16:09.410932,wKePEXF920,2022-10-24 21:16:09.442154,DAx7zuy1cr
32,2022-10-24 21:16:09.411932,GUnPUF0mFw,2022-10-24 21:16:09.444154,4yYA0nYjTF
33,2022-10-24 21:16:09.412932,KwJiDKbZG7,2022-10-24 21:16:09.446154,mbiawCx2e5
34,2022-10-24 21:16:09.413932,qb02fX2ohf,2022-10-24 21:16:09.448154,mYCncyVqeo
35,2022-10-24 21:16:09.414932,ByGf95ndvO,2022-10-24 21:16:09.450154,6MBZtllQdl
36,2022-10-24 21:16:09.415932,8brfQDK2C5,2022-10-24 21:16:09.452154,5pVhR7r8VO
37,2022-10-24 21:16:09.416932,msOcXYY0yY,2022-10-24 21:16:09.454154,5xdMBUk8Fe
38,2022-10-24 21:16:09.417932,SMNbA9yW9S,2022-10-24 21:16:09.456154,gU4oaNn58R
39,2022-10-24 21:16:09.418932,N9MaH53vpp,2022-10-24 21:16:09.458154,Q81jbBECes
40,2022-10-24 21:16:09.419932,rq7agRopNL,2022-10-24 21:16:09.460154,M5WpnZYf6b
41,2022-10-24 21:16:09.420932,QmIWKAoluM,2022-10-24 21:16:09.462154,03DYT46wae
42,2022-10-24 21:16:09.421932,DHBCWZ15sQ,2022-10-24 21:16:09.464154,nBhpJ5qnS7
43,2022-10-24 21:16:09.422932,aN3nT8Srlr,2022-10-24 21:16:09.466154,xSyUgehIOV
44,2022-10-24 21:16:09.423932,408S2DkYvu,2022-10-24 21:16:09.468154,daPrG0InIW
45,2022-10-24 21:16:09.424932,AB9IQ5glAY,2022-10-24 21:16:09.470154,JO080fs19t
46,2022-10-24 21:16:09.425932,SGkPP3uks7,2022-10-24 21:16:09.472154,ocs5JxuZLD
47,2022-10-24 21:16:09.426932,Dy231voptQ,2022-10-24 21:16:09.474154,p9sfGtoXrF
48,2022-10-24 21:16:09.427932,4Td4T7npfJ,2022-10-24 21:16:09.476154,bInSqMCG98
49,2022-10-24 21:16:09.428932,I2IG5viXSt,2022-10-24 21:16:09.478154,YGibASXHiB
50,2022-10-24 21:16:09.429932,7VRwx2ZZqp,,
51,2022-10-24 21:16:09.430932,oAlYtI50Xh,,
52,2022-10-24 21:16:09.431932,9Wjoz6lD8Z,,
53,2022-10-24 21:16:09.432932,4Cjt8rl5gr,,
54,2022-10-24 21:16:09.433932,c7CbThcn9e,,
55,2022-10-24 21:16:09.434932,ko10z9UVx5,,
56,2022-10-24 21:16:09.435932,WwRRCczWcV,,
57,2022-10-24 21:16:09.436932,71Rl9mOL76,,
58,2022-10-24 21:16:09.437932,P5S7vqwUsT,,
59,2022-10-24 21:16:09.438932,7jwp2nzodC,,
60,2022-10-24 21:16:09.439932,IXX7lTAKpQ,,
61,2022-10-24 21:16:09.440932,FBVrhBn198,,
62,2022-10-24 21:16:09.441932,d5KwRFNP5D,,
63,2022-10-24 21:16:09.442932,sOvg1rqKkf,,
64,2022-10-24 21:16:09.443932,abXTJR5bEk,,
65,2022-10-24 21:16:09.444932,02MHDfRsbv,,
66,2022-10-24 21:16:09.445932,s1fQYgIAgk,,
67,2022-10-24 21:16:09.446932,cUdrK8r1SM,,
68,2022-10-24 21:16:09.447932,T6VjVzLwlM,,
69,2022-10-24 21:16:09.448932,XSrfyKtxhB,,
70,2022-10-24 21:16:09.449932,OcnKiIAj31,,
71,2022-10-24 21:16:09.450932,zCuk3wtehJ,,
72,2022-10-24 21:16:09.451932,ZnUis7rjyB,,
73,2022-10-24 21:16:09.452932,5K2xRfLtP9,,
74,2022-10-24 21:16:09.453932,bJLZy6NhCn,,
75,2022-10-24 21:16:09.454932,V29YedLYgA,,
76,2022-10-24 21:16:09.455932,Q7q5K6b4KF,,
77,2022-10-24 21:16:09.456932,7kRff9Jihd,,
78,2022-10-24 21:16:09.457932,jfVelE04aj,,
79,2022-10-24 21:16:09.458932,SoBwwR1jYP,,
80,2022-10-24 21:16:09.459932,jM5iO1aVY2,,
81,2022-10-24 21:16:09.460932,0NCkLImEVv,,
82,2022-10-24 21:16:09.461932,gS5r5xobzG,,
83,2022-10-24 21:16:09.462932,0w0NddHXXN,,
84,2022-10-24 21:16:09.463932,F9PNW3WkmX,,
85,2022-10-24 21:16:09.464932,daP8zLMYfY,,
86,2022-10-24 21:16:09.465932,PJUfP9BFJP,,
87,2022-10-24 21:16:09.466932,dLjfsvWXsO,,
88,2022-10-24 21:16:09.467932,A9CvrIJfBt,,
89,2022-10-24 21:16:09.468932,D8SEi8s2kh,,
90,2022-10-24 21:16:09.469932,j4d1K5MXyn,,
91,2022-10-24 21:16:09.470932,GhP4NJc9oV,,
92,2022-10-24 21:16:09.471932,NN03E0Vqib,,
93,2022-10-24 21:16:09.472932,AnMwMoXSz3,,
94,2022-10-24 21:16:09.473932,mjR8pIxAzf,,
95,2022-10-24 21:16:09.474932,wz7n9ZPGyz,,
96,2022-10-24 21:16:09.475932,RK5M6cOVwu,,
97,2022-10-24 21:16:09.476932,WznWPqZvrR,,
98,2022-10-24 21:16:09.477932,16ouszlbFp,,
99,2022-10-24 21:16:09.478932,WxezHrSu0c,,
